open,close,high,low,value,volume,begin,end
4.582,4.655,4.672,4.575,61091526.0,13169200.0,2023-01-03,2023-01-03 23:59:59
4.67,4.67,4.734,4.612,68182108.5,14657000.0,2023-01-04,2023-01-04 23:59:59
4.672,4.644,4.695,4.63,46769172.3,10045500.0,2023-01-05,2023-01-05 23:59:59
4.649,4.634,4.649,4.602,29516987.5,6377900.0,2023-01-06,2023-01-06 23:59:59
4.639,4.781,4.842,4.635,252093298.8,52865400.0,2023-01-09,2023-01-09 23:59:59
4.8,4.77,4.806,4.691,107957163.0,22671000.0,2023-01-10,2023-01-10 23:59:59
4.787,4.813,4.84,4.762,123362324.5,25641600.0,2023-01-11,2023-01-11 23:59:59
4.813,4.817,4.873,4.8,126085737.2,26120600.0,2023-01-12,2023-01-12 23:59:59
4.826,4.797,4.827,4.731,105536312.6,22062100.0,2023-01-13,2023-01-13 23:59:59
4.81,4.904,4.911,4.798,166610515.7,34220100.0,2023-01-16,2023-01-16 23:59:59
4.91,4.805,4.93,4.782,189110396.5,38994700.0,2023-01-17,2023-01-17 23:59:59
4.801,4.797,4.833,4.74,111478648.9,23263200.0,2023-01-18,2023-01-18 23:59:59
4.803,4.63,4.803,4.615,155568485.9,33200900.0,2023-01-19,2023-01-19 23:59:59
4.65,4.675,4.681,4.577,93870296.4,20312900.0,2023-01-20,2023-01-20 23:59:59
4.68,4.721,4.756,4.649,68801360.4,14607200.0,2023-01-23,2023-01-23 23:59:59
4.715,4.69,4.818,4.688,88788568.6,18705300.0,2023-01-24,2023-01-24 23:59:59
4.727,4.702,4.758,4.675,66311671.3,14054200.0,2023-01-25,2023-01-25 23:59:59
4.719,4.737,4.757,4.706,53100739.3,11217700.0,2023-01-26,2023-01-26 23:59:59
4.74,4.732,4.757,4.711,48357815.7,10204400.0,2023-01-27,2023-01-27 23:59:59
4.758,4.824,4.862,4.756,128500219.1,26679200.0,2023-01-30,2023-01-30 23:59:59
4.825,4.949,4.99,4.825,287802149.1,58375600.0,2023-01-31,2023-01-31 23:59:59
4.965,4.88,5.069,4.8,302850838.2,60766300.0,2023-02-01,2023-02-01 23:59:59
4.979,4.96,5.0,4.87,147759345.8,29860300.0,2023-02-02,2023-02-02 23:59:59
4.96,4.922,4.967,4.85,93826207.0,19114300.0,2023-02-03,2023-02-03 23:59:59
4.94,5.016,5.042,4.936,167011130.0,33355500.0,2023-02-06,2023-02-06 23:59:59
5.038,5.08,5.1,5.016,222324841.9,43860500.0,2023-02-07,2023-02-07 23:59:59
5.09,5.07,5.179,5.0,267757741.3,52449600.0,2023-02-08,2023-02-08 23:59:59
5.099,5.158,5.16,5.01,259738209.0,50940800.0,2023-02-09,2023-02-09 23:59:59
5.2,5.27,5.47,5.158,1876306609.1,352311800.0,2023-02-10,2023-02-10 23:59:59
5.42,5.28,5.44,5.221,402320992.1,75345800.0,2023-02-13,2023-02-13 23:59:59
5.28,5.065,5.28,5.05,290130132.0,56446000.0,2023-02-14,2023-02-14 23:59:59
5.06,4.899,5.06,4.884,253454868.1,51193800.0,2023-02-15,2023-02-15 23:59:59
4.905,5.025,5.068,4.904,170542178.0,34045800.0,2023-02-16,2023-02-16 23:59:59
5.05,4.989,5.055,4.975,89762669.2,17894300.0,2023-02-17,2023-02-17 23:59:59
5.0,4.949,5.0,4.86,143300035.8,29156000.0,2023-02-20,2023-02-20 23:59:59
4.94,5.012,5.149,4.9,244766194.0,48433800.0,2023-02-21,2023-02-21 23:59:59
5.015,5.053,5.1,5.0,97270190.5,19267600.0,2023-02-22,2023-02-22 23:59:59
5.092,5.04,5.092,5.015,51691202.9,10211000.0,2023-02-24,2023-02-24 23:59:59
5.0,5.145,5.148,4.914,163171842.9,32061700.0,2023-02-27,2023-02-27 23:59:59
5.15,5.208,5.238,5.13,199866366.7,38536800.0,2023-02-28,2023-02-28 23:59:59
5.24,5.246,5.284,5.225,128427693.9,24398600.0,2023-03-01,2023-03-01 23:59:59
5.27,5.183,5.3,5.171,294347729.2,56549600.0,2023-03-02,2023-03-02 23:59:59
5.19,5.195,5.245,5.175,85743024.1,16489200.0,2023-03-03,2023-03-03 23:59:59
5.239,5.2,5.25,5.19,115537931.6,22157600.0,2023-03-06,2023-03-06 23:59:59
5.2,5.204,5.247,5.171,108750427.4,20893700.0,2023-03-07,2023-03-07 23:59:59
5.219,5.2,5.233,5.191,71557410.5,13741400.0,2023-03-09,2023-03-09 23:59:59
5.19,5.18,5.205,5.145,90539900.1,17492700.0,2023-03-10,2023-03-10 23:59:59
5.18,5.11,5.199,5.07,158231405.4,30792500.0,2023-03-13,2023-03-13 23:59:59
5.05,5.118,5.2,5.05,172079889.7,33684300.0,2023-03-14,2023-03-14 23:59:59
5.144,5.084,5.165,5.061,73231795.0,14333100.0,2023-03-15,2023-03-15 23:59:59
5.1,5.093,5.13,5.02,103614165.6,20408200.0,2023-03-16,2023-03-16 23:59:59
5.072,5.101,5.121,5.071,117956503.2,23131600.0,2023-03-17,2023-03-17 23:59:59
5.102,5.273,5.297,5.074,303381444.5,58396700.0,2023-03-20,2023-03-20 23:59:59
5.275,5.256,5.329,5.145,354871164.8,67340800.0,2023-03-21,2023-03-21 23:59:59
5.3,5.261,5.32,5.221,198582810.2,37594900.0,2023-03-22,2023-03-22 23:59:59
5.25,5.439,5.494,5.25,515850646.8,95351000.0,2023-03-23,2023-03-23 23:59:59
5.43,5.365,5.44,5.313,327848214.3,60957300.0,2023-03-24,2023-03-24 23:59:59
5.38,5.532,5.57,5.365,589370486.3,107357400.0,2023-03-27,2023-03-27 23:59:59
5.564,5.469,5.6,5.4,373644161.7,68176100.0,2023-03-28,2023-03-28 23:59:59
5.5,5.473,5.61,5.421,367139913.2,66727300.0,2023-03-29,2023-03-29 23:59:59
5.5,5.541,5.55,5.455,266553828.3,48306000.0,2023-03-30,2023-03-30 23:59:59
5.543,5.425,5.749,5.353,1302709789.9,233101300.0,2023-03-31,2023-03-31 23:59:59
5.425,5.388,5.44,5.331,448829483.8,83663000.0,2023-04-03,2023-04-03 23:59:59
5.395,5.423,5.524,5.331,1230438674.3,227138400.0,2023-04-04,2023-04-04 23:59:59
5.431,5.499,5.541,5.36,360819716.7,65873100.0,2023-04-05,2023-04-05 23:59:59
5.5,5.652,5.735,5.5,761359551.0,135535600.0,2023-04-06,2023-04-06 23:59:59
5.681,5.667,5.743,5.61,414850679.1,73126200.0,2023-04-07,2023-04-07 23:59:59
5.735,5.702,5.75,5.66,254517123.9,44620300.0,2023-04-10,2023-04-10 23:59:59
5.722,5.574,5.722,5.5,472705546.6,84110700.0,2023-04-11,2023-04-11 23:59:59
5.58,5.642,5.686,5.58,219914746.8,38914400.0,2023-04-12,2023-04-12 23:59:59
5.679,5.613,5.679,5.544,120956224.6,21601200.0,2023-04-13,2023-04-13 23:59:59
5.613,5.598,5.62,5.552,96769655.0,17327400.0,2023-04-14,2023-04-14 23:59:59
5.644,5.685,5.714,5.601,214292339.5,37776500.0,2023-04-17,2023-04-17 23:59:59
5.698,5.668,5.715,5.58,193522406.8,34212700.0,2023-04-18,2023-04-18 23:59:59
5.667,5.593,5.688,5.5,220894086.2,39412200.0,2023-04-19,2023-04-19 23:59:59
5.605,5.592,5.632,5.536,168271163.6,30146300.0,2023-04-20,2023-04-20 23:59:59
5.592,5.628,5.65,5.572,148552575.5,26422800.0,2023-04-21,2023-04-21 23:59:59
5.665,5.677,5.71,5.584,221996334.9,39205800.0,2023-04-24,2023-04-24 23:59:59
5.68,5.739,5.795,5.65,527101339.3,91923500.0,2023-04-25,2023-04-25 23:59:59
5.74,5.72,5.82,5.7,335876638.9,58386500.0,2023-04-26,2023-04-26 23:59:59
5.701,5.737,5.77,5.661,249837707.7,43688900.0,2023-04-27,2023-04-27 23:59:59
5.76,5.671,5.763,5.621,174402167.4,30671100.0,2023-04-28,2023-04-28 23:59:59
5.641,5.491,5.669,5.391,279703227.9,50578200.0,2023-05-02,2023-05-02 23:59:59
5.49,5.228,5.5,5.2,274689146.4,51449400.0,2023-05-03,2023-05-03 23:59:59
5.24,5.321,5.356,5.24,181426274.6,34245100.0,2023-05-04,2023-05-04 23:59:59
5.322,5.258,5.48,5.2,183252015.4,34327600.0,2023-05-05,2023-05-05 23:59:59
5.27,5.302,5.39,5.251,73708082.5,13871500.0,2023-05-08,2023-05-08 23:59:59
5.29,5.562,5.574,5.29,247246942.4,45115500.0,2023-05-10,2023-05-10 23:59:59
5.57,5.451,5.62,5.325,337583802.5,61324100.0,2023-05-11,2023-05-11 23:59:59
5.505,5.528,5.596,5.458,187342353.4,33971800.0,2023-05-12,2023-05-12 23:59:59
5.579,5.649,5.681,5.55,293886151.8,52122300.0,2023-05-15,2023-05-15 23:59:59
5.684,5.671,5.7,5.581,264642438.1,46829700.0,2023-05-16,2023-05-16 23:59:59
5.687,5.665,5.688,5.617,113170202.1,20029500.0,2023-05-17,2023-05-17 23:59:59
5.698,5.619,5.698,5.473,244034868.4,43439800.0,2023-05-18,2023-05-18 23:59:59
5.625,5.502,5.677,5.362,551350824.0,100058300.0,2023-05-19,2023-05-19 23:59:59
5.569,5.468,5.6,5.43,158387791.0,28750200.0,2023-05-22,2023-05-22 23:59:59
5.496,5.475,5.499,5.35,254885186.7,47139600.0,2023-05-23,2023-05-23 23:59:59
5.453,5.214,5.49,5.116,995206664.7,188876900.0,2023-05-24,2023-05-24 23:59:59
5.2,5.101,5.26,5.03,624459044.4,122068500.0,2023-05-25,2023-05-25 23:59:59
5.125,5.115,5.169,5.072,291670525.6,56972300.0,2023-05-26,2023-05-26 23:59:59
5.12,5.088,5.169,5.0,406976298.4,79980200.0,2023-05-29,2023-05-29 23:59:59
5.099,5.224,5.329,5.09,877186265.5,167721600.0,2023-05-30,2023-05-30 23:59:59
5.247,5.175,5.259,5.1,311927191.6,60253900.0,2023-05-31,2023-05-31 23:59:59
5.184,5.122,5.215,5.094,302067503.4,58790500.0,2023-06-01,2023-06-01 23:59:59
5.137,5.177,5.27,5.094,290712147.5,56502300.0,2023-06-02,2023-06-02 23:59:59
5.235,5.16,5.238,5.103,273681478.2,52881700.0,2023-06-05,2023-06-05 23:59:59
5.106,5.161,5.167,5.104,124006195.8,24159000.0,2023-06-06,2023-06-06 23:59:59
5.187,5.183,5.204,5.136,123860857.5,23927200.0,2023-06-07,2023-06-07 23:59:59
5.198,5.225,5.237,5.162,194441848.8,37371800.0,2023-06-08,2023-06-08 23:59:59
5.24,5.175,5.244,5.164,130948466.8,25210200.0,2023-06-09,2023-06-09 23:59:59
5.2,5.349,5.36,5.185,493639386.8,93053500.0,2023-06-13,2023-06-13 23:59:59
5.362,5.39,5.429,5.325,435150353.1,80894600.0,2023-06-14,2023-06-14 23:59:59
5.392,5.484,5.487,5.342,431664268.3,79425300.0,2023-06-15,2023-06-15 23:59:59
5.5,5.474,5.52,5.372,417231157.3,76671100.0,2023-06-16,2023-06-16 23:59:59
5.47,5.435,5.5,5.367,303083650.3,55781300.0,2023-06-19,2023-06-19 23:59:59
5.448,5.378,5.448,5.225,276727945.1,51487100.0,2023-06-20,2023-06-20 23:59:59
5.389,5.381,5.487,5.304,324883954.0,60130500.0,2023-06-21,2023-06-21 23:59:59
5.394,5.335,5.4,5.311,141755030.6,26406900.0,2023-06-22,2023-06-22 23:59:59
5.345,5.201,5.345,5.17,348822070.4,66360900.0,2023-06-23,2023-06-23 23:59:59
5.288,5.283,5.346,5.172,308118043.9,58476000.0,2023-06-26,2023-06-26 23:59:59
5.287,5.296,5.333,5.241,133619222.6,25186800.0,2023-06-27,2023-06-27 23:59:59
5.284,5.423,5.444,5.283,373133080.9,69428000.0,2023-06-28,2023-06-28 23:59:59
5.451,5.694,5.769,5.425,1949908679.9,345536000.0,2023-06-29,2023-06-29 23:59:59
5.702,5.845,5.987,5.641,2216300977.6,377424700.0,2023-06-30,2023-06-30 23:59:59
5.878,5.971,6.04,5.708,1463833704.4,247221900.0,2023-07-03,2023-07-03 23:59:59
5.971,5.818,6.046,5.802,672919313.0,113981300.0,2023-07-04,2023-07-04 23:59:59
5.89,6.134,6.166,5.82,1861660668.2,306833100.0,2023-07-05,2023-07-05 23:59:59
6.177,6.402,6.423,6.161,2528820732.8,400332100.0,2023-07-06,2023-07-06 23:59:59
6.402,6.135,6.402,6.124,1353370289.3,216442300.0,2023-07-07,2023-07-07 23:59:59
6.18,6.145,6.283,6.053,995589672.6,161688000.0,2023-07-10,2023-07-10 23:59:59
6.142,6.067,6.16,5.97,775736536.8,128082800.0,2023-07-11,2023-07-11 23:59:59
6.055,6.261,6.288,6.033,1279033181.1,207348800.0,2023-07-12,2023-07-12 23:59:59
6.241,6.169,6.319,6.118,790666636.4,127408300.0,2023-07-13,2023-07-13 23:59:59
6.187,6.142,6.187,6.11,369208243.5,60064700.0,2023-07-14,2023-07-14 23:59:59
6.127,6.161,6.204,6.1,398164382.8,64639700.0,2023-07-17,2023-07-17 23:59:59
6.18,6.181,6.25,6.143,605611615.3,97730000.0,2023-07-18,2023-07-18 23:59:59
6.204,6.165,6.256,6.153,502641823.0,81108900.0,2023-07-19,2023-07-19 23:59:59
6.17,6.062,6.239,6.054,544856477.8,88586700.0,2023-07-20,2023-07-20 23:59:59
6.092,6.095,6.141,5.904,494548215.3,81755800.0,2023-07-21,2023-07-21 23:59:59
6.139,6.126,6.189,6.1,278417637.9,45383900.0,2023-07-24,2023-07-24 23:59:59
6.145,6.41,6.433,6.121,1988110951.1,314773000.0,2023-07-25,2023-07-25 23:59:59
6.433,6.32,6.447,6.251,953115915.6,150430300.0,2023-07-26,2023-07-26 23:59:59
6.32,6.299,6.372,6.267,384911663.0,60869500.0,2023-07-27,2023-07-27 23:59:59
6.277,6.305,6.367,6.156,574634377.1,91183400.0,2023-07-28,2023-07-28 23:59:59
6.32,6.506,6.54,6.314,1223499403.5,189966200.0,2023-07-31,2023-07-31 23:59:59
6.51,6.48,6.56,6.37,907556785.0,140034100.0,2023-08-01,2023-08-01 23:59:59
6.48,6.423,6.489,6.371,698750408.8,108856900.0,2023-08-02,2023-08-02 23:59:59
6.46,6.433,6.46,6.375,423307106.1,65989500.0,2023-08-03,2023-08-03 23:59:59
6.405,6.215,6.49,5.98,1337521008.8,212089600.0,2023-08-04,2023-08-04 23:59:59
6.224,6.163,6.351,6.13,741172642.5,118619600.0,2023-08-07,2023-08-07 23:59:59
6.17,6.189,6.255,6.005,556809148.4,90989000.0,2023-08-08,2023-08-08 23:59:59
6.231,6.192,6.257,6.114,272038944.2,44001600.0,2023-08-09,2023-08-09 23:59:59
6.2,6.222,6.25,6.16,291353748.4,46907200.0,2023-08-10,2023-08-10 23:59:59
6.25,6.275,6.3,6.187,511940336.7,81929400.0,2023-08-11,2023-08-11 23:59:59
6.33,6.159,6.52,6.08,2151520362.6,337960600.0,2023-08-14,2023-08-14 23:59:59
6.06,6.123,6.25,6.008,775172749.5,125840300.0,2023-08-15,2023-08-15 23:59:59
6.102,5.986,6.174,5.853,823549168.9,137365300.0,2023-08-16,2023-08-16 23:59:59
6.06,6.0,6.095,5.901,587836450.4,98278300.0,2023-08-17,2023-08-17 23:59:59
6.008,6.049,6.059,5.906,427460033.0,71553100.0,2023-08-18,2023-08-18 23:59:59
6.1,6.09,6.161,6.054,373567137.3,61179800.0,2023-08-21,2023-08-21 23:59:59
6.114,6.097,6.125,6.03,344061507.5,56600600.0,2023-08-22,2023-08-22 23:59:59
6.088,5.958,6.156,5.912,769085641.1,127177800.0,2023-08-23,2023-08-23 23:59:59
5.995,6.047,6.05,5.947,236664863.2,39414600.0,2023-08-24,2023-08-24 23:59:59
6.04,6.03,6.109,5.998,370144113.4,61222300.0,2023-08-25,2023-08-25 23:59:59
6.041,6.09,6.12,6.012,440977867.9,72759800.0,2023-08-28,2023-08-28 23:59:59
6.01,5.943,6.046,5.893,990305079.3,165895800.0,2023-08-29,2023-08-29 23:59:59
5.916,5.869,5.947,5.8,756309423.5,129299900.0,2023-08-30,2023-08-30 23:59:59
5.87,5.917,5.983,5.824,535579431.5,90478300.0,2023-08-31,2023-08-31 23:59:59
5.933,5.876,5.949,5.871,240096821.6,40708400.0,2023-09-01,2023-09-01 23:59:59
5.87,5.92,5.985,5.87,375182704.8,63417800.0,2023-09-04,2023-09-04 23:59:59
5.92,5.892,5.946,5.871,277430665.3,46972400.0,2023-09-05,2023-09-05 23:59:59
5.892,5.838,5.892,5.804,332310971.2,56873900.0,2023-09-06,2023-09-06 23:59:59
5.8,5.674,5.833,5.642,945549296.9,165085200.0,2023-09-07,2023-09-07 23:59:59
5.679,5.54,5.736,5.408,747598034.5,135117700.0,2023-09-08,2023-09-08 23:59:59
5.534,5.465,5.562,5.43,388378091.9,70734300.0,2023-09-11,2023-09-11 23:59:59
5.54,5.625,5.643,5.47,421786247.3,75705100.0,2023-09-12,2023-09-12 23:59:59
5.649,5.533,5.649,5.504,219568009.8,39510700.0,2023-09-13,2023-09-13 23:59:59
5.536,5.365,5.54,5.236,541795135.2,100656900.0,2023-09-14,2023-09-14 23:59:59
5.352,5.49,5.535,5.342,282930767.2,52097500.0,2023-09-15,2023-09-15 23:59:59
5.548,5.416,5.555,5.373,273831714.4,50215600.0,2023-09-18,2023-09-18 23:59:59
5.416,5.273,5.475,5.248,492363022.9,92232000.0,2023-09-19,2023-09-19 23:59:59
5.294,5.254,5.294,5.1,435275594.8,83722500.0,2023-09-20,2023-09-20 23:59:59
5.27,5.135,5.27,5.12,211804476.4,40937000.0,2023-09-21,2023-09-21 23:59:59
5.11,5.158,5.204,5.077,276580881.6,53709800.0,2023-09-22,2023-09-22 23:59:59
5.16,5.09,5.179,5.05,293978442.7,57671600.0,2023-09-25,2023-09-25 23:59:59
5.106,5.17,5.198,5.032,430030667.1,84091000.0,2023-09-26,2023-09-26 23:59:59
5.201,5.13,5.247,5.082,607347213.6,117730900.0,2023-09-27,2023-09-27 23:59:59
5.142,5.166,5.173,5.1,301887971.8,58731500.0,2023-09-28,2023-09-28 23:59:59
5.188,5.116,5.192,5.1,287853118.8,56038300.0,2023-09-29,2023-09-29 23:59:59
5.15,5.17,5.185,5.102,313763805.4,60928700.0,2023-10-02,2023-10-02 23:59:59
5.179,5.164,5.234,5.111,405053239.9,78333900.0,2023-10-03,2023-10-03 23:59:59
5.2,5.295,5.34,5.157,659281896.6,125046500.0,2023-10-04,2023-10-04 23:59:59
5.295,5.415,5.494,5.243,1228098278.0,226905400.0,2023-10-05,2023-10-05 23:59:59
5.42,5.389,5.46,5.34,320832489.0,59444600.0,2023-10-06,2023-10-06 23:59:59
5.414,5.369,5.444,5.36,214488647.8,39746800.0,2023-10-09,2023-10-09 23:59:59
5.384,5.354,5.399,5.305,227612036.5,42584400.0,2023-10-10,2023-10-10 23:59:59
5.378,5.227,5.383,5.2,350283349.0,66165400.0,2023-10-11,2023-10-11 23:59:59
5.2,5.269,5.31,5.16,359608044.2,68285700.0,2023-10-12,2023-10-12 23:59:59
5.251,5.28,5.359,5.251,267940686.1,50605000.0,2023-10-13,2023-10-13 23:59:59
5.333,5.35,5.38,5.28,314837660.1,59122700.0,2023-10-16,2023-10-16 23:59:59
5.35,5.31,5.35,5.292,200726323.3,37727600.0,2023-10-17,2023-10-17 23:59:59
5.305,5.274,5.339,5.25,197423769.2,37243200.0,2023-10-18,2023-10-18 23:59:59
5.27,5.302,5.35,5.26,232663087.1,43814700.0,2023-10-19,2023-10-19 23:59:59
5.316,5.296,5.316,5.261,177310327.5,33527200.0,2023-10-20,2023-10-20 23:59:59
5.328,5.26,5.335,5.227,232018238.3,43966800.0,2023-10-23,2023-10-23 23:59:59
5.26,5.255,5.3,5.227,179323307.8,34067100.0,2023-10-24,2023-10-24 23:59:59
5.26,5.203,5.261,5.173,251548242.9,48197600.0,2023-10-25,2023-10-25 23:59:59
5.203,5.121,5.239,5.117,303400757.3,58719600.0,2023-10-26,2023-10-26 23:59:59
5.133,5.019,5.167,4.965,768021061.0,152635700.0,2023-10-27,2023-10-27 23:59:59
5.018,4.879,5.019,4.862,652201959.6,132646600.0,2023-10-30,2023-10-30 23:59:59
4.87,4.81,4.964,4.78,765933503.7,157861300.0,2023-10-31,2023-10-31 23:59:59
4.809,4.815,4.896,4.691,753775214.7,157748700.0,2023-11-01,2023-11-01 23:59:59
4.801,4.648,4.925,4.621,1597929398.5,336738000.0,2023-11-02,2023-11-02 23:59:59
4.62,4.694,4.724,4.584,854341572.6,183295800.0,2023-11-03,2023-11-03 23:59:59
4.694,4.756,4.795,4.694,281938990.8,59587600.0,2023-11-06,2023-11-06 23:59:59
4.762,4.732,4.793,4.701,310642248.3,65525600.0,2023-11-07,2023-11-07 23:59:59
4.732,4.685,4.744,4.651,331142895.6,70560600.0,2023-11-08,2023-11-08 23:59:59
4.671,4.622,4.684,4.601,363233479.7,78342500.0,2023-11-09,2023-11-09 23:59:59
4.615,4.702,4.739,4.6,521063478.0,111709400.0,2023-11-10,2023-11-10 23:59:59
4.69,4.438,4.785,4.423,1529296296.1,336573800.0,2023-11-13,2023-11-13 23:59:59
4.421,4.225,4.436,4.1,3862919994.5,910019100.0,2023-11-14,2023-11-14 23:59:59
4.192,4.327,4.354,4.17,1128116691.8,264619400.0,2023-11-15,2023-11-15 23:59:59
4.31,4.263,4.32,4.206,678641290.3,158551000.0,2023-11-16,2023-11-16 23:59:59
4.26,4.277,4.288,4.214,292918605.4,68866100.0,2023-11-17,2023-11-17 23:59:59
4.265,4.261,4.317,4.24,295886654.2,69295100.0,2023-11-20,2023-11-20 23:59:59
4.29,4.248,4.392,4.21,1248426726.6,289390000.0,2023-11-21,2023-11-21 23:59:59
4.245,4.12,4.288,4.08,2262759772.7,545491500.0,2023-11-22,2023-11-22 23:59:59
4.12,3.929,4.135,3.916,2568384235.0,642408400.0,2023-11-23,2023-11-23 23:59:59
3.921,3.94,3.98,3.848,2122435949.9,543013000.0,2023-11-24,2023-11-24 23:59:59
3.95,3.896,3.957,3.85,972539143.4,249966400.0,2023-11-27,2023-11-27 23:59:59
3.896,4.357,4.38,3.881,5979914948.7,1439196600.0,2023-11-28,2023-11-28 23:59:59
4.332,4.254,4.69,4.2,10286781030.6,2375238800.0,2023-11-29,2023-11-29 23:59:59
4.25,4.167,4.319,4.127,2603257439.5,621068500.0,2023-11-30,2023-11-30 23:59:59
4.16,3.99,4.18,3.956,2261192563.6,556792600.0,2023-12-01,2023-12-01 23:59:59
3.94,4.008,4.121,3.861,3016189673.1,754242000.0,2023-12-04,2023-12-04 23:59:59
4.002,4.027,4.087,3.98,971558185.6,241351000.0,2023-12-05,2023-12-05 23:59:59
4.05,3.95,4.077,3.892,1144297448.6,288816400.0,2023-12-06,2023-12-06 23:59:59
3.953,3.958,3.98,3.881,909743412.2,231315000.0,2023-12-07,2023-12-07 23:59:59
3.975,3.951,4.012,3.915,596086207.3,150587800.0,2023-12-08,2023-12-08 23:59:59
3.94,3.975,4.04,3.885,1126207387.1,284384500.0,2023-12-11,2023-12-11 23:59:59
3.988,3.988,4.011,3.937,502616692.8,126277600.0,2023-12-12,2023-12-12 23:59:59
3.972,4.0,4.03,3.943,398360570.4,99762800.0,2023-12-13,2023-12-13 23:59:59
4.024,3.939,4.066,3.909,830762313.3,207703800.0,2023-12-14,2023-12-14 23:59:59
3.935,4.018,4.044,3.9,1375833658.5,344415100.0,2023-12-15,2023-12-15 23:59:59
4.021,4.126,4.16,4.006,1271151835.1,309551800.0,2023-12-18,2023-12-18 23:59:59
4.126,4.071,4.143,4.041,573155377.4,140625700.0,2023-12-19,2023-12-19 23:59:59
4.071,4.078,4.115,4.056,353069002.6,86390800.0,2023-12-20,2023-12-20 23:59:59
4.077,4.054,4.081,4.018,519597617.7,128286900.0,2023-12-21,2023-12-21 23:59:59
4.066,4.049,4.098,4.033,439633408.2,108045400.0,2023-12-22,2023-12-22 23:59:59
4.07,4.051,4.09,4.03,269025018.6,66283300.0,2023-12-25,2023-12-25 23:59:59
4.051,3.929,4.06,3.915,815761611.7,205905800.0,2023-12-26,2023-12-26 23:59:59
3.92,3.811,3.925,3.785,1142270989.1,298424400.0,2023-12-27,2023-12-27 23:59:59
3.811,3.697,3.811,3.68,801052462.4,214308800.0,2023-12-28,2023-12-28 23:59:59
3.705,3.7,3.805,3.691,950159924.6,253924600.0,2023-12-29,2023-12-29 23:59:59
3.7,3.782,3.795,3.7,377403127.8,100177800.0,2024-01-03,2024-01-03 23:59:59
3.794,3.818,3.838,3.779,476331802.9,124938100.0,2024-01-04,2024-01-04 23:59:59
3.831,3.81,3.831,3.795,187145784.4,49094000.0,2024-01-05,2024-01-05 23:59:59
3.811,3.86,3.879,3.811,367351560.0,95440600.0,2024-01-08,2024-01-08 23:59:59
3.9,3.956,3.977,3.803,1020901587.1,260492400.0,2024-01-09,2024-01-09 23:59:59
3.96,4.032,4.098,3.96,1188535088.6,295491100.0,2024-01-10,2024-01-10 23:59:59
4.05,4.002,4.05,3.9,745564802.2,187376600.0,2024-01-11,2024-01-11 23:59:59
4.077,4.008,4.077,4.0,643731972.0,159439000.0,2024-01-12,2024-01-12 23:59:59
4.01,3.974,4.039,3.946,632170460.1,158353600.0,2024-01-15,2024-01-15 23:59:59
3.974,3.959,4.005,3.916,454479936.2,114837700.0,2024-01-16,2024-01-16 23:59:59
3.95,3.997,4.022,3.949,377892138.7,94676200.0,2024-01-17,2024-01-17 23:59:59
3.997,3.98,4.018,3.95,256883476.9,64552500.0,2024-01-18,2024-01-18 23:59:59
3.98,3.986,3.996,3.952,272817310.6,68551600.0,2024-01-19,2024-01-19 23:59:59
3.995,4.075,4.1,3.988,1075030105.3,265402400.0,2024-01-22,2024-01-22 23:59:59
4.08,4.054,4.137,4.025,526024643.0,129377800.0,2024-01-23,2024-01-23 23:59:59
4.077,3.999,4.077,3.968,457516584.6,113957100.0,2024-01-24,2024-01-24 23:59:59
4.0,4.005,4.049,3.961,270077511.5,67443500.0,2024-01-25,2024-01-25 23:59:59
4.018,4.037,4.065,3.99,365650716.1,90751600.0,2024-01-26,2024-01-26 23:59:59
4.052,4.244,4.246,4.037,1666044748.9,401469400.0,2024-01-29,2024-01-29 23:59:59
4.255,4.136,4.267,4.111,1796919219.3,431716200.0,2024-01-30,2024-01-30 23:59:59
4.145,4.178,4.21,4.121,712250159.0,170586300.0,2024-01-31,2024-01-31 23:59:59
4.189,4.134,4.197,4.118,450504332.5,108535900.0,2024-02-01,2024-02-01 23:59:59
4.136,4.133,4.17,4.102,404461574.0,97796400.0,2024-02-02,2024-02-02 23:59:59
4.124,4.148,4.19,4.111,235296326.8,56658100.0,2024-02-05,2024-02-05 23:59:59
4.143,4.205,4.228,4.143,874955867.3,208346200.0,2024-02-06,2024-02-06 23:59:59
4.224,4.17,4.26,4.136,749599438.8,178776900.0,2024-02-07,2024-02-07 23:59:59
4.17,4.119,4.184,4.065,523994217.8,127352500.0,2024-02-08,2024-02-08 23:59:59
4.124,4.111,4.154,4.081,233145737.1,56561300.0,2024-02-09,2024-02-09 23:59:59
4.119,4.053,4.129,4.022,398675935.7,98070700.0,2024-02-12,2024-02-12 23:59:59
4.049,4.073,4.085,4.021,211875836.9,52286100.0,2024-02-13,2024-02-13 23:59:59
4.097,4.057,4.106,4.041,202392243.1,49637100.0,2024-02-14,2024-02-14 23:59:59
4.054,4.047,4.077,4.041,185518224.4,45728400.0,2024-02-15,2024-02-15 23:59:59
4.047,3.998,4.097,3.962,526187572.8,130893800.0,2024-02-16,2024-02-16 23:59:59
3.998,3.884,4.049,3.845,863313913.1,220094600.0,2024-02-19,2024-02-19 23:59:59
3.873,3.875,3.947,3.82,649316978.3,167506100.0,2024-02-20,2024-02-20 23:59:59
3.875,3.864,3.925,3.8,426391654.2,110609000.0,2024-02-21,2024-02-21 23:59:59
3.863,3.855,3.908,3.825,236694206.4,61181900.0,2024-02-22,2024-02-22 23:59:59
3.87,3.937,3.945,3.85,232017310.5,59353200.0,2024-02-26,2024-02-26 23:59:59
3.947,3.892,3.947,3.853,222744771.4,57161500.0,2024-02-27,2024-02-27 23:59:59
3.892,3.927,3.939,3.89,168896065.4,43150600.0,2024-02-28,2024-02-28 23:59:59
3.94,3.941,3.996,3.924,301182996.1,76142200.0,2024-02-29,2024-02-29 23:59:59
3.949,3.938,3.976,3.922,177834926.7,45124400.0,2024-03-01,2024-03-01 23:59:59
3.945,3.963,3.984,3.939,218392475.2,55092800.0,2024-03-04,2024-03-04 23:59:59
3.97,3.94,3.972,3.934,117590128.6,29774400.0,2024-03-05,2024-03-05 23:59:59
3.94,3.933,3.947,3.901,98252696.0,24987100.0,2024-03-06,2024-03-06 23:59:59
3.921,3.962,3.968,3.921,196609619.0,49776300.0,2024-03-07,2024-03-07 23:59:59
3.965,4.079,4.102,3.965,662742635.9,163755400.0,2024-03-11,2024-03-11 23:59:59
4.096,4.045,4.097,4.012,322783853.3,79827300.0,2024-03-12,2024-03-12 23:59:59
4.05,4.024,4.093,4.02,225639323.9,55610800.0,2024-03-13,2024-03-13 23:59:59
4.036,3.935,4.051,3.927,284910400.8,71495100.0,2024-03-14,2024-03-14 23:59:59
3.935,3.995,4.03,3.935,285094316.2,71482900.0,2024-03-15,2024-03-15 23:59:59
4.022,3.993,4.05,3.975,240135785.3,59896400.0,2024-03-18,2024-03-18 23:59:59
3.993,3.939,4.015,3.902,340811819.1,85968600.0,2024-03-19,2024-03-19 23:59:59
3.94,3.851,3.949,3.83,605537520.5,156346200.0,2024-03-20,2024-03-20 23:59:59
3.863,3.912,4.001,3.854,1037378182.9,263962300.0,2024-03-21,2024-03-21 23:59:59
3.662,3.823,3.888,3.66,2687234546.0,706444900.0,2024-03-22,2024-03-22 23:59:59
3.8,3.744,3.829,3.688,940080373.7,251704500.0,2024-03-25,2024-03-25 23:59:59
3.745,3.714,3.745,3.7,260887821.0,70197800.0,2024-03-26,2024-03-26 23:59:59
3.725,3.713,3.725,3.672,314849796.1,85139700.0,2024-03-27,2024-03-27 23:59:59
3.713,3.761,3.83,3.693,391159042.9,104230600.0,2024-03-28,2024-03-28 23:59:59
3.749,3.732,3.779,3.729,315645273.5,84155100.0,2024-03-29,2024-03-29 23:59:59
3.735,3.805,3.833,3.735,369075397.4,97509500.0,2024-04-01,2024-04-01 23:59:59
3.805,3.779,3.82,3.77,273936017.1,72336300.0,2024-04-02,2024-04-02 23:59:59
3.78,3.844,3.854,3.771,348047494.0,91138200.0,2024-04-03,2024-04-03 23:59:59
3.844,3.798,3.894,3.787,543227752.4,141458700.0,2024-04-04,2024-04-04 23:59:59
3.801,3.771,3.816,3.76,209119556.2,55368400.0,2024-04-05,2024-04-05 23:59:59
3.772,3.798,3.827,3.751,252140871.2,66433500.0,2024-04-08,2024-04-08 23:59:59
3.786,3.808,3.822,3.778,207372897.2,54541300.0,2024-04-09,2024-04-09 23:59:59
3.807,3.809,3.863,3.789,318465433.0,83366100.0,2024-04-10,2024-04-10 23:59:59
3.802,3.794,3.826,3.78,170066540.8,44721800.0,2024-04-11,2024-04-11 23:59:59
3.807,3.792,3.817,3.786,121975095.2,32116900.0,2024-04-12,2024-04-12 23:59:59
3.788,3.776,3.814,3.757,183420787.1,48511300.0,2024-04-15,2024-04-15 23:59:59
3.782,3.837,3.85,3.76,208746428.0,54865800.0,2024-04-16,2024-04-16 23:59:59
3.848,3.812,3.848,3.792,199209894.9,52156400.0,2024-04-17,2024-04-17 23:59:59
3.824,3.88,3.89,3.812,461014994.0,119431600.0,2024-04-18,2024-04-18 23:59:59
3.89,3.868,3.918,3.847,202808320.2,52324300.0,2024-04-19,2024-04-19 23:59:59
3.865,3.83,3.882,3.813,202362035.4,52723200.0,2024-04-22,2024-04-22 23:59:59
3.83,3.814,3.844,3.8,169750427.8,44436200.0,2024-04-23,2024-04-23 23:59:59
3.814,3.845,3.985,3.791,1622811972.9,416349900.0,2024-04-24,2024-04-24 23:59:59
3.843,3.815,3.91,3.782,909891865.3,237559900.0,2024-04-25,2024-04-25 23:59:59
3.816,3.802,3.818,3.771,283393530.0,74641900.0,2024-04-26,2024-04-26 23:59:59
3.806,3.81,3.832,3.78,207784094.0,54560200.0,2024-04-27,2024-04-27 23:59:59
3.802,3.829,3.83,3.796,124172398.9,32538000.0,2024-04-29,2024-04-29 23:59:59
3.833,3.84,3.87,3.82,144674516.9,37626100.0,2024-04-30,2024-04-30 23:59:59
3.837,3.786,3.846,3.777,150058484.3,39475900.0,2024-05-02,2024-05-02 23:59:59
3.795,3.73,3.795,3.713,246064088.0,65743000.0,2024-05-03,2024-05-03 23:59:59
3.75,3.705,3.762,3.7,192792239.6,51826300.0,2024-05-06,2024-05-06 23:59:59
3.705,3.726,3.748,3.694,163316923.3,43832600.0,2024-05-07,2024-05-07 23:59:59
3.733,3.721,3.756,3.72,121573811.7,32522200.0,2024-05-08,2024-05-08 23:59:59
3.726,3.717,3.732,3.712,53111949.9,14271100.0,2024-05-10,2024-05-10 23:59:59
3.717,3.707,3.728,3.684,203625556.1,54953400.0,2024-05-13,2024-05-13 23:59:59
3.714,3.708,3.783,3.681,615241142.6,164921400.0,2024-05-14,2024-05-14 23:59:59
3.72,3.708,3.743,3.7,187880010.4,50558400.0,2024-05-15,2024-05-15 23:59:59
3.707,3.719,3.724,3.663,256656813.0,69456800.0,2024-05-16,2024-05-16 23:59:59
3.725,3.704,3.725,3.665,160466569.7,43447900.0,2024-05-17,2024-05-17 23:59:59
3.7,3.629,3.72,3.605,299619851.6,82025100.0,2024-05-20,2024-05-20 23:59:59
3.63,3.67,3.683,3.438,730699501.5,205984400.0,2024-05-21,2024-05-21 23:59:59
3.667,3.579,3.711,3.56,266578386.7,73549700.0,2024-05-22,2024-05-22 23:59:59
3.579,3.467,3.579,3.457,508954726.3,145413700.0,2024-05-23,2024-05-23 23:59:59
3.46,3.288,3.524,3.263,1153337683.4,340265000.0,2024-05-24,2024-05-24 23:59:59
3.308,3.115,3.308,3.05,1334634894.6,425359500.0,2024-05-27,2024-05-27 23:59:59
3.115,3.158,3.182,3.04,489088029.1,156320500.0,2024-05-28,2024-05-28 23:59:59
3.173,3.158,3.178,3.111,235871619.3,75043800.0,2024-05-29,2024-05-29 23:59:59
3.15,3.001,3.167,2.982,691362464.1,226613300.0,2024-05-30,2024-05-30 23:59:59
2.99,2.791,3.014,2.771,1084453856.0,378040400.0,2024-05-31,2024-05-31 23:59:59
2.781,2.692,2.888,2.531,1799910893.0,674324800.0,2024-06-03,2024-06-03 23:59:59
2.693,2.951,3.012,2.569,3666818680.2,1288861900.0,2024-06-04,2024-06-04 23:59:59
2.976,2.833,2.998,2.808,2185114507.5,750185700.0,2024-06-05,2024-06-05 23:59:59
2.835,2.875,2.92,2.773,1138379119.4,401215300.0,2024-06-06,2024-06-06 23:59:59
2.874,3.171,3.218,2.851,4206267532.3,1375647500.0,2024-06-07,2024-06-07 23:59:59
3.171,3.129,3.311,3.015,2551914418.6,812561700.0,2024-06-10,2024-06-10 23:59:59
3.12,3.095,3.168,3.041,1072134588.7,347083900.0,2024-06-11,2024-06-11 23:59:59
2.9,3.156,3.192,2.852,1133794808.7,367687000.0,2024-06-13,2024-06-13 23:59:59
3.156,3.16,3.178,3.106,474394010.5,150846600.0,2024-06-14,2024-06-14 23:59:59
3.163,3.067,3.176,3.055,613142060.4,197913200.0,2024-06-17,2024-06-17 23:59:59
3.067,2.909,3.084,2.905,722154758.1,242507800.0,2024-06-18,2024-06-18 23:59:59
2.913,2.886,2.951,2.805,948115775.7,328397900.0,2024-06-19,2024-06-19 23:59:59
2.861,3.036,3.038,2.841,1153146236.4,392807400.0,2024-06-20,2024-06-20 23:59:59
3.036,3.004,3.038,2.972,349082076.9,116377800.0,2024-06-21,2024-06-21 23:59:59
3.004,2.94,3.018,2.921,412997301.2,139548100.0,2024-06-24,2024-06-24 23:59:59
2.93,2.952,2.953,2.886,357794618.9,122442500.0,2024-06-25,2024-06-25 23:59:59
2.951,2.937,2.985,2.921,379428894.8,128610300.0,2024-06-26,2024-06-26 23:59:59
2.914,2.89,2.947,2.848,349554927.5,120479900.0,2024-06-27,2024-06-27 23:59:59
2.888,2.908,2.92,2.881,258084579.2,89041400.0,2024-06-28,2024-06-28 23:59:59
2.91,2.924,2.957,2.893,280064052.6,95747300.0,2024-07-01,2024-07-01 23:59:59
2.939,2.974,3.027,2.915,509379848.8,171414900.0,2024-07-02,2024-07-02 23:59:59
2.994,2.911,2.994,2.901,312347428.9,105912400.0,2024-07-03,2024-07-03 23:59:59
2.905,2.791,2.919,2.79,572864218.4,201910800.0,2024-07-04,2024-07-04 23:59:59
2.775,2.741,2.797,2.688,838416503.6,307622500.0,2024-07-05,2024-07-05 23:59:59
2.74,2.638,2.755,2.622,633501773.9,237052100.0,2024-07-08,2024-07-08 23:59:59
2.631,2.544,2.636,2.513,1080623804.4,422132800.0,2024-07-09,2024-07-09 23:59:59
2.544,2.481,2.578,2.429,1124710815.4,453674800.0,2024-07-10,2024-07-10 23:59:59
2.485,2.581,2.595,2.481,632910122.5,248891800.0,2024-07-11,2024-07-11 23:59:59
2.582,2.544,2.647,2.464,630459158.9,250264000.0,2024-07-12,2024-07-12 23:59:59
2.521,2.472,2.55,2.446,498336328.5,199898900.0,2024-07-15,2024-07-15 23:59:59
2.45,2.484,2.498,2.39,764654635.3,314068600.0,2024-07-16,2024-07-16 23:59:59
2.46,2.392,2.49,2.392,719328145.2,296486700.0,2024-07-17,2024-07-17 23:59:59
2.394,2.396,2.41,2.339,650330915.3,273712200.0,2024-07-18,2024-07-18 23:59:59
2.405,2.375,2.423,2.368,614259367.0,256321700.0,2024-07-19,2024-07-19 23:59:59
2.398,2.397,2.416,2.36,371416490.4,155284600.0,2024-07-22,2024-07-22 23:59:59
2.396,2.525,2.525,2.389,2196697171.5,883184100.0,2024-07-23,2024-07-23 23:59:59
2.535,2.501,2.539,2.475,764363688.4,305437200.0,2024-07-24,2024-07-24 23:59:59
2.5,2.484,2.502,2.462,352031561.0,141779000.0,2024-07-25,2024-07-25 23:59:59
2.483,2.359,2.585,2.342,2359524875.5,973667700.0,2024-07-26,2024-07-26 23:59:59
2.339,2.187,2.34,2.176,1227242032.7,544867100.0,2024-07-29,2024-07-29 23:59:59
2.185,2.211,2.227,2.145,749692465.9,341819300.0,2024-07-30,2024-07-30 23:59:59
2.22,2.308,2.314,2.191,1718007274.7,760931600.0,2024-07-31,2024-07-31 23:59:59
2.305,2.237,2.329,2.223,810592653.1,355920600.0,2024-08-01,2024-08-01 23:59:59
2.237,2.244,2.261,2.211,467442894.3,209304200.0,2024-08-02,2024-08-02 23:59:59
2.225,2.194,2.235,2.17,716746195.8,325590800.0,2024-08-05,2024-08-05 23:59:59
2.225,2.206,2.236,2.196,290633036.2,131274400.0,2024-08-06,2024-08-06 23:59:59
2.207,2.264,2.314,2.183,630087261.0,281030000.0,2024-08-07,2024-08-07 23:59:59
2.27,2.245,2.276,2.225,354885524.7,157766900.0,2024-08-08,2024-08-08 23:59:59
2.23,2.231,2.25,2.222,248861360.7,111404500.0,2024-08-09,2024-08-09 23:59:59
2.212,2.224,2.225,2.175,466821551.6,212289500.0,2024-08-12,2024-08-12 23:59:59
2.22,2.248,2.265,2.211,455946137.7,203575700.0,2024-08-13,2024-08-13 23:59:59
2.249,2.175,2.264,2.15,710661327.1,322700100.0,2024-08-14,2024-08-14 23:59:59
2.184,2.185,2.21,2.162,427051524.0,195096900.0,2024-08-15,2024-08-15 23:59:59
2.185,2.102,2.189,2.1,576852291.0,269293000.0,2024-08-16,2024-08-16 23:59:59
2.109,2.056,2.135,2.017,966255387.3,466257300.0,2024-08-19,2024-08-19 23:59:59
2.068,2.052,2.088,2.017,803328093.7,391105700.0,2024-08-20,2024-08-20 23:59:59
2.047,2.021,2.055,2.002,429338817.9,212531700.0,2024-08-21,2024-08-21 23:59:59
2.029,1.88,2.029,1.85,1315701900.8,683433500.0,2024-08-22,2024-08-22 23:59:59
1.896,1.808,1.897,1.757,1864738932.8,1031487400.0,2024-08-23,2024-08-23 23:59:59
1.899,1.818,1.95,1.786,1315331099.7,720062200.0,2024-08-26,2024-08-26 23:59:59
1.818,1.659,1.823,1.65,2109532996.1,1232089600.0,2024-08-27,2024-08-27 23:59:59
1.641,1.283,1.75,1.17,11936185468.7,8799986300.0,2024-08-28,2024-08-28 23:59:59
1.255,1.13,1.306,1.075,5951789287.3,5140483000.0,2024-08-29,2024-08-29 23:59:59
1.114,1.138,1.177,1.063,2358997376.7,2093430300.0,2024-08-30,2024-08-30 23:59:59
1.129,1.149,1.186,1.091,986319105.5,881659300.0,2024-09-02,2024-09-02 23:59:59
1.163,1.169,1.196,1.12,1027037112.9,885345000.0,2024-09-03,2024-09-03 23:59:59
1.16,1.34,1.369,1.147,3754747203.9,2925537700.0,2024-09-04,2024-09-04 23:59:59
1.378,1.69,1.694,1.34,9246689189.9,5928560300.0,2024-09-05,2024-09-05 23:59:59
1.721,1.583,1.73,1.521,5313062312.3,3330455500.0,2024-09-06,2024-09-06 23:59:59
1.61,1.548,1.614,1.502,1415775537.9,908881000.0,2024-09-09,2024-09-09 23:59:59
1.529,1.564,1.58,1.51,878535989.0,569908100.0,2024-09-10,2024-09-10 23:59:59
1.555,1.464,1.566,1.436,761633715.9,504011800.0,2024-09-11,2024-09-11 23:59:59
1.45,1.4,1.459,1.365,1479006788.9,1053328200.0,2024-09-12,2024-09-12 23:59:59
1.4,1.381,1.508,1.322,2394430752.9,1727390200.0,2024-09-13,2024-09-13 23:59:59
1.388,1.402,1.445,1.372,682255614.8,486684100.0,2024-09-16,2024-09-16 23:59:59
1.408,1.401,1.419,1.36,526273919.3,379113100.0,2024-09-17,2024-09-17 23:59:59
1.401,1.393,1.406,1.384,273424943.6,196115400.0,2024-09-18,2024-09-18 23:59:59
1.393,1.448,1.513,1.381,1117630604.6,768855400.0,2024-09-19,2024-09-19 23:59:59
1.498,1.53,1.542,1.453,852058781.6,565419000.0,2024-09-20,2024-09-20 23:59:59
1.53,1.595,1.617,1.53,938606746.8,591398400.0,2024-09-23,2024-09-23 23:59:59
1.6,1.575,1.608,1.512,656520677.1,422725000.0,2024-09-24,2024-09-24 23:59:59
1.58,1.484,1.58,1.444,690481674.0,457950000.0,2024-09-25,2024-09-25 23:59:59
1.477,1.474,1.503,1.425,452150133.7,308028400.0,2024-09-26,2024-09-26 23:59:59
1.489,1.532,1.547,1.456,439817822.6,291627000.0,2024-09-27,2024-09-27 23:59:59
1.543,1.535,1.633,1.51,945883985.5,598848500.0,2024-09-30,2024-09-30 23:59:59
1.525,1.513,1.559,1.485,431085679.0,284800600.0,2024-10-01,2024-10-01 23:59:59
1.513,1.479,1.527,1.46,391954420.5,263141900.0,2024-10-02,2024-10-02 23:59:59
1.477,1.494,1.511,1.43,498292281.3,339511800.0,2024-10-03,2024-10-03 23:59:59
1.495,1.487,1.524,1.461,296228255.2,198219400.0,2024-10-04,2024-10-04 23:59:59
1.494,1.487,1.494,1.455,159214946.8,107861700.0,2024-10-07,2024-10-07 23:59:59
1.484,1.48,1.492,1.467,111448885.6,75274300.0,2024-10-08,2024-10-08 23:59:59
1.482,1.565,1.595,1.47,1341673511.4,877353500.0,2024-10-09,2024-10-09 23:59:59
1.556,1.538,1.56,1.518,323018024.0,209560100.0,2024-10-10,2024-10-10 23:59:59
1.532,1.625,1.665,1.532,1553478839.0,961433300.0,2024-10-11,2024-10-11 23:59:59
1.62,1.7,1.725,1.565,1254657052.1,760872800.0,2024-10-14,2024-10-14 23:59:59
1.68,1.949,1.985,1.68,5647288887.7,3004741400.0,2024-10-15,2024-10-15 23:59:59
1.93,1.71,1.958,1.687,5362269541.5,2992922000.0,2024-10-16,2024-10-16 23:59:59
1.715,1.682,1.743,1.652,1846204997.2,1087724600.0,2024-10-17,2024-10-17 23:59:59
1.68,1.698,1.717,1.654,672667746.1,397887200.0,2024-10-18,2024-10-18 23:59:59
1.71,1.701,1.767,1.656,1144859319.1,667287600.0,2024-10-21,2024-10-21 23:59:59
1.708,1.689,1.708,1.675,229618620.2,135916700.0,2024-10-22,2024-10-22 23:59:59
1.686,1.595,1.693,1.595,572019049.1,347108000.0,2024-10-23,2024-10-23 23:59:59
1.6,1.54,1.61,1.494,780078128.5,507116600.0,2024-10-24,2024-10-24 23:59:59
1.538,1.555,1.598,1.462,1306852677.0,855437600.0,2024-10-25,2024-10-25 23:59:59
1.53,1.551,1.594,1.504,737515076.2,474526300.0,2024-10-28,2024-10-28 23:59:59
1.551,1.669,1.723,1.533,1558723405.8,944067000.0,2024-10-29,2024-10-29 23:59:59
1.682,1.588,1.751,1.58,1705311932.8,1014897700.0,2024-10-30,2024-10-30 23:59:59
1.572,1.616,1.649,1.563,916524591.7,569185900.0,2024-10-31,2024-10-31 23:59:59
1.627,1.702,1.748,1.621,1283948111.6,764021400.0,2024-11-01,2024-11-01 23:59:59
1.705,1.731,1.777,1.666,979498464.3,564231800.0,2024-11-02,2024-11-02 23:59:59
1.73,1.718,1.77,1.691,540392220.3,312279200.0,2024-11-05,2024-11-05 23:59:59
1.77,1.729,1.787,1.708,537609212.9,307908200.0,2024-11-06,2024-11-06 23:59:59
1.729,1.779,1.795,1.701,278351199.0,159818800.0,2024-11-07,2024-11-07 23:59:59
1.787,1.78,1.808,1.745,401185129.5,226322700.0,2024-11-08,2024-11-08 23:59:59
1.799,1.706,1.807,1.703,446268959.8,254914200.0,2024-11-11,2024-11-11 23:59:59
1.706,1.647,1.708,1.631,495985031.1,298711200.0,2024-11-12,2024-11-12 23:59:59
1.659,1.631,1.682,1.606,427019644.8,259948000.0,2024-11-13,2024-11-13 23:59:59
1.633,1.699,1.739,1.617,680516534.0,405810400.0,2024-11-14,2024-11-14 23:59:59
1.695,1.712,1.731,1.67,301338800.0,177090100.0,2024-11-15,2024-11-15 23:59:59
1.7,1.82,1.844,1.68,1201104837.3,674062400.0,2024-11-18,2024-11-18 23:59:59
1.81,1.789,1.839,1.74,764048782.4,428268900.0,2024-11-19,2024-11-19 23:59:59
1.788,1.619,1.878,1.526,4064346053.6,2421680200.0,2024-11-20,2024-11-20 23:59:59
1.6,1.37,1.615,1.27,4528328465.1,3214582900.0,2024-11-21,2024-11-21 23:59:59
1.37,1.354,1.419,1.285,2079341397.5,1536793200.0,2024-11-22,2024-11-22 23:59:59
1.371,1.374,1.43,1.322,1515967162.5,1090971600.0,2024-11-25,2024-11-25 23:59:59
1.376,1.332,1.41,1.305,794864447.8,589174700.0,2024-11-26,2024-11-26 23:59:59
1.332,1.409,1.41,1.295,644710773.5,480872100.0,2024-11-27,2024-11-27 23:59:59
1.412,1.597,1.66,1.343,6310576503.6,4057062600.0,2024-11-28,2024-11-28 23:59:59
1.615,1.479,1.624,1.452,1793093879.2,1180633500.0,2024-11-29,2024-11-29 23:59:59
1.548,1.425,1.569,1.392,1856332359.1,1242946100.0,2024-12-02,2024-12-02 23:59:59
1.32,1.337,1.377,1.277,1058023618.1,789168700.0,2024-12-03,2024-12-03 23:59:59
1.329,1.303,1.353,1.292,391831582.8,296389100.0,2024-12-04,2024-12-04 23:59:59
1.303,1.338,1.353,1.302,312747021.0,235366600.0,2024-12-05,2024-12-05 23:59:59
1.34,1.333,1.355,1.325,153656733.1,114454500.0,2024-12-06,2024-12-06 23:59:59
1.334,1.346,1.376,1.334,218065573.4,161206300.0,2024-12-09,2024-12-09 23:59:59
1.35,1.319,1.35,1.3,187914877.0,142090100.0,2024-12-10,2024-12-10 23:59:59
1.315,1.344,1.356,1.311,182980540.9,137206900.0,2024-12-11,2024-12-11 23:59:59
1.346,1.312,1.354,1.309,160044080.7,120741000.0,2024-12-12,2024-12-12 23:59:59
1.313,1.308,1.325,1.298,181612057.4,138882200.0,2024-12-13,2024-12-13 23:59:59
1.317,1.309,1.32,1.293,206273404.3,157478200.0,2024-12-16,2024-12-16 23:59:59
1.309,1.32,1.361,1.288,415932563.6,315753300.0,2024-12-17,2024-12-17 23:59:59
1.328,1.307,1.33,1.291,235875421.3,180749100.0,2024-12-18,2024-12-18 23:59:59
1.308,1.281,1.308,1.264,416872037.2,324158500.0,2024-12-19,2024-12-19 23:59:59
1.278,1.319,1.344,1.25,943943439.3,722805900.0,2024-12-20,2024-12-20 23:59:59
1.335,1.324,1.347,1.312,444940028.3,334721000.0,2024-12-23,2024-12-23 23:59:59
1.327,1.267,1.328,1.264,300287416.8,234251200.0,2024-12-24,2024-12-24 23:59:59
1.265,1.256,1.29,1.233,431683632.5,344303100.0,2024-12-25,2024-12-25 23:59:59
1.26,1.252,1.269,1.242,253299071.7,202014600.0,2024-12-26,2024-12-26 23:59:59
1.252,1.24,1.257,1.235,178679697.9,143611400.0,2024-12-27,2024-12-27 23:59:59
1.241,1.288,1.35,1.23,1284176124.6,985410800.0,2024-12-28,2024-12-28 23:59:59
1.312,1.287,1.319,1.264,441618745.7,340756600.0,2024-12-30,2024-12-30 23:59:59
1.295,1.274,1.297,1.259,224115225.9,175291900.0,2025-01-03,2025-01-03 23:59:59
1.274,1.273,1.283,1.26,117855498.3,92637300.0,2025-01-06,2025-01-06 23:59:59
1.273,1.29,1.294,1.273,95102919.4,73974600.0,2025-01-08,2025-01-08 23:59:59
1.29,1.265,1.298,1.263,116528530.1,91407100.0,2025-01-09,2025-01-09 23:59:59
1.265,1.276,1.28,1.26,144655742.5,113701500.0,2025-01-10,2025-01-10 23:59:59
1.29,1.274,1.29,1.261,196466959.3,154376600.0,2025-01-13,2025-01-13 23:59:59
1.273,1.289,1.29,1.265,107090046.6,83793000.0,2025-01-14,2025-01-14 23:59:59
1.29,1.332,1.346,1.276,327657869.3,250075400.0,2025-01-15,2025-01-15 23:59:59
1.35,1.315,1.359,1.306,437887107.2,330907400.0,2025-01-16,2025-01-16 23:59:59
1.321,1.389,1.464,1.314,1176043356.3,840427300.0,2025-01-17,2025-01-17 23:59:59
1.4,1.392,1.496,1.365,1497557610.9,1038895200.0,2025-01-20,2025-01-20 23:59:59
1.399,1.41,1.424,1.345,467846599.8,337008700.0,2025-01-21,2025-01-21 23:59:59
1.419,1.388,1.44,1.37,425487345.6,303119000.0,2025-01-22,2025-01-22 23:59:59
1.381,1.4,1.414,1.363,170927967.4,123798600.0,2025-01-23,2025-01-23 23:59:59
1.4,1.409,1.438,1.385,388614121.3,274355500.0,2025-01-24,2025-01-24 23:59:59
1.415,1.382,1.427,1.37,201679881.0,144110400.0,2025-01-27,2025-01-27 23:59:59
1.385,1.434,1.465,1.365,529352197.2,370826700.0,2025-01-28,2025-01-28 23:59:59
1.434,1.409,1.459,1.401,549516783.0,385237200.0,2025-01-29,2025-01-29 23:59:59
1.409,1.407,1.424,1.38,276733146.6,197229600.0,2025-01-30,2025-01-30 23:59:59
1.407,1.377,1.42,1.355,445219097.0,319684700.0,2025-01-31,2025-01-31 23:59:59
1.38,1.381,1.392,1.361,211724100.5,153656900.0,2025-02-03,2025-02-03 23:59:59
1.381,1.374,1.401,1.363,197294091.7,142800800.0,2025-02-04,2025-02-04 23:59:59
1.374,1.38,1.392,1.356,359477608.7,261262500.0,2025-02-05,2025-02-05 23:59:59
1.384,1.373,1.399,1.369,162942605.1,118137500.0,2025-02-06,2025-02-06 23:59:59
1.373,1.36,1.38,1.356,102954294.7,75381000.0,2025-02-07,2025-02-07 23:59:59
1.365,1.331,1.382,1.275,304288026.8,226065000.0,2025-02-10,2025-02-10 23:59:59
1.34,1.364,1.397,1.315,667038526.3,489144900.0,2025-02-11,2025-02-11 23:59:59
1.365,1.438,1.48,1.346,1437773364.9,1020244400.0,2025-02-12,2025-02-12 23:59:59
1.446,1.461,1.488,1.404,901841285.4,619945200.0,2025-02-13,2025-02-13 23:59:59
1.499,1.485,1.596,1.43,2031943627.8,1337927300.0,2025-02-14,2025-02-14 23:59:59
1.559,1.944,1.953,1.533,6758360321.9,3908893500.0,2025-02-17,2025-02-17 23:59:59
1.953,1.747,1.953,1.711,5242363800.5,2893853400.0,2025-02-18,2025-02-18 23:59:59
1.76,1.936,2.005,1.76,6186831877.5,3288418000.0,2025-02-19,2025-02-19 23:59:59
1.933,1.898,1.967,1.835,2829140585.5,1476190400.0,2025-02-20,2025-02-20 23:59:59
1.898,1.883,1.92,1.81,1282185348.3,687394400.0,2025-02-21,2025-02-21 23:59:59
1.87,1.897,1.913,1.839,1202202969.6,639705700.0,2025-02-24,2025-02-24 23:59:59
1.897,2.062,2.133,1.864,5894948360.3,2901173200.0,2025-02-25,2025-02-25 23:59:59
2.063,1.979,2.197,1.918,4914737725.8,2355045400.0,2025-02-26,2025-02-26 23:59:59
1.981,1.896,1.99,1.84,2667199074.2,1393439800.0,2025-02-27,2025-02-27 23:59:59
1.895,1.931,1.967,1.815,2607483026.5,1378955100.0,2025-02-28,2025-02-28 23:59:59
